{
    "train": {
        "accuracy": 9.94924903047451,
        "loss": 0.6388060262926035
    },
    "val": {
        "accuracy": 9.881354811851956,
        "loss": 0.7928296932139483
    },
    "step": 9
}
