{
    "train": {
        "accuracy": 9.347387943536173,
        "loss": 0.8898836260244745
    },
    "val": {
        "accuracy": 9.660363357085679,
        "loss": 0.30542275885583037
    },
    "step": 9
}
