step	accuracy
0	0.4693655339128445
1	1.0795462876084705
2	2.3694604007073203
3	3.6531048815559037
4	4.070122817556749
5	5.866988048108342
6	6.17120059829084
7	7.899416129762075
8	8.056929672992583
9	9.94924903047451
