step	accuracy
0	0.03625684576522925
1	1.68617641506899
2	2.993742070753161
3	3.987823677007477
4	4.006638999882505
5	5.548914772263116
6	6.5948347311896365
7	7.459098896480505
8	8.05793944366432
9	9.347387943536173
