step	loss
0	9.418899392684283
1	8.119990595115638
2	7.744359761492193
3	6.410305469058706
4	5.592636079885687
5	4.514299461029992
6	3.781313525237932
7	2.1095112453435347
8	1.363538573669086
9	0.6388060262926035
