step	loss
0	9.349763478638998
1	8.290532489275513
2	7.13017180622462
3	6.8922557070456225
4	5.516006088282678
5	4.169347107103271
6	3.811657045316811
7	2.325762858822703
8	1.9284539320346736
9	0.8898836260244745
